{
	"$schema": "../board-definition.schema.json",
	"name": "Manta M8P",
	"manufacturer": "BIGTREETECH",
	"serialPath": "/dev/btt-manta-m8p",
	"firmwareBinaryName": "firmware-btt-manta-m8p.bin",
	"compileScript": "compile.sh",
	"flashScript": "flash.sh",
	"documentationLink": "https://os.ratrig.com/docs/boards/btt/manta-m8p",
	"dfu": {
		"flashDevice": "0483:df11",
		"dfuBootImage": "dfubooting.png",
		"instructions": [
			"Make sure the board is powered on",
			"Press and hold the BOOT button on the board.",
			"Press and release the RESET button on the board.",
			"Release the BOOT button."
		]
	}
}
